[
  {
    "completions": [
      {
        "created_at": 1615149625,
        "id": 1,
        "lead_time": 300.97,
        "result": [
          {
            "from_name": "label",
            "id": "9UD04o1Upw",
            "image_rotation": 0,
            "original_height": 1917,
            "original_width": 3470,
            "to_name": "image",
            "type": "rectanglelabels",
            "value": {
              "height": 2.1739130434782608,
              "rectanglelabels": [
                "Horizontal Text"
              ],
              "rotation": 0,
              "width": 4.8,
              "x": 4.266666666666667,
              "y": 25.845410628019323
            }
          },
          {
            "from_name": "label",
            "id": "5wqkHCqTLH",
            "image_rotation": 0,
            "original_height": 1917,
            "original_width": 3470,
            "to_name": "image",
            "type": "rectanglelabels",
            "value": {
              "height": 4.106280193236715,
              "rectanglelabels": [
                "Horizontal Text"
              ],
              "rotation": 0,
              "width": 3.7333333333333334,
              "x": 12.266666666666667,
              "y": 23.91304347826087
            }
          },
          {
            "from_name": "label",
            "id": "VdcxLb1XrA",
            "image_rotation": 0,
            "original_height": 1917,
            "original_width": 3470,
            "to_name": "image",
            "type": "rectanglelabels",
            "value": {
              "height": 3.140096618357488,
              "rectanglelabels": [
                "Horizontal Text"
              ],
              "rotation": 0,
              "width": 5.066666666666666,
              "x": 18.4,
              "y": 24.879227053140095
            }
          },
          {
            "from_name": "label",
            "id": "zDZmP_NTxw",
            "image_rotation": 0,
            "original_height": 1917,
            "original_width": 3470,
            "to_name": "image",
            "type": "rectanglelabels",
            "value": {
              "height": 6.280193236714976,
              "rectanglelabels": [
                "Horizontal Text"
              ],
              "rotation": 0,
              "width": 8,
              "x": 29.066666666666666,
              "y": 18.357487922705314
            }
          },
          {
            "from_name": "label",
            "id": "6TnXH2u1-V",
            "image_rotation": 0,
            "original_height": 1917,
            "original_width": 3470,
            "to_name": "image",
            "type": "rectanglelabels",
            "value": {
              "height": 5.555555555555555,
              "rectanglelabels": [
                "Horizontal Text"
              ],
              "rotation": 0,
              "width": 7.866666666666666,
              "x": 37.733333333333334,
              "y": 18.840579710144926
            }
          },
          {
            "from_name": "label",
            "id": "NyIARhIZwU",
            "image_rotation": 0,
            "original_height": 1917,
            "original_width": 3470,
            "to_name": "image",
            "type": "rectanglelabels",
            "value": {
              "height": 1.932367149758454,
              "rectanglelabels": [
                "Horizontal Text"
              ],
              "rotation": 0,
              "width": 17.866666666666667,
              "x": 57.86666666666667,
              "y": 19.806763285024154
            }
          },
          {
            "from_name": "label",
            "id": "fnR1eIjcjf",
            "image_rotation": 0,
            "original_height": 1917,
            "original_width": 3470,
            "to_name": "image",
            "type": "rectanglelabels",
            "value": {
              "height": 5.072463768115942,
              "rectanglelabels": [
                "Horizontal Text"
              ],
              "rotation": 0,
              "width": 30.533333333333335,
              "x": 32.4,
              "y": 7.246376811594203
            }
          },
          {
            "from_name": "label",
            "id": "j57O9tC0FK",
            "image_rotation": 0,
            "original_height": 1917,
            "original_width": 3470,
            "to_name": "image",
            "type": "rectanglelabels",
            "value": {
              "height": 1.932367149758454,
              "rectanglelabels": [
                "Horizontal Text"
              ],
              "rotation": 0,
              "width": 14.133333333333333,
              "x": 77.46666666666667,
              "y": 16.666666666666668
            }
          },
          {
            "from_name": "label",
            "id": "FIj674L5Pw",
            "image_rotation": 0,
            "original_height": 1917,
            "original_width": 3470,
            "to_name": "image",
            "type": "rectanglelabels",
            "value": {
              "height": 1.6908212560386473,
              "rectanglelabels": [
                "Horizontal Text"
              ],
              "rotation": 0,
              "width": 5.066666666666666,
              "x": 77.86666666666666,
              "y": 22.463768115942027
            }
          },
          {
            "from_name": "label",
            "id": "SouP7UJBlS",
            "image_rotation": 0,
            "original_height": 1917,
            "original_width": 3470,
            "to_name": "image",
            "type": "rectanglelabels",
            "value": {
              "height": 2.657004830917874,
              "rectanglelabels": [
                "Horizontal Text"
              ],
              "rotation": 0,
              "width": 4.933333333333334,
              "x": 86.4,
              "y": 21.980676328502415
            }
          },
          {
            "from_name": "label",
            "id": "T3oSxDT3Sf",
            "image_rotation": 0,
            "original_height": 1917,
            "original_width": 3470,
            "to_name": "image",
            "type": "rectanglelabels",
            "value": {
              "height": 3.6231884057971016,
              "rectanglelabels": [
                "Horizontal Text"
              ],
              "rotation": 0,
              "width": 26.4,
              "x": 34.93333333333333,
              "y": 52.65700483091788
            }
          },
          {
            "from_name": "label",
            "id": "kjw8R9G_Cr",
            "image_rotation": 0,
            "original_height": 1917,
            "original_width": 3470,
            "to_name": "image",
            "type": "rectanglelabels",
            "value": {
              "height": 4.3478260869565215,
              "rectanglelabels": [
                "Row"
              ],
              "rotation": 0,
              "width": 91.06666666666665,
              "x": 2.4,
              "y": 43.23671497584541
            }
          },
          {
            "from_name": "label",
            "id": "42O5BWrMGO",
            "image_rotation": 0,
            "original_height": 1917,
            "original_width": 3470,
            "to_name": "image",
            "type": "rectanglelabels",
            "value": {
              "height": 3.6231884057971016,
              "rectanglelabels": [
                "Row"
              ],
              "rotation": 0,
              "width": 91.06666666666666,
              "x": 2.4,
              "y": 39.61352657004831
            }
          },
          {
            "from_name": "label",
            "id": "yjNNMCpSSw",
            "image_rotation": 0,
            "original_height": 1917,
            "original_width": 3470,
            "to_name": "image",
            "type": "rectanglelabels",
            "value": {
              "height": 3.6231884057971016,
              "rectanglelabels": [
                "Row"
              ],
              "rotation": 0,
              "width": 91.06666666666666,
              "x": 2.4,
              "y": 35.990338164251206
            }
          },
          {
            "from_name": "label",
            "id": "MEAgNFN9nF",
            "image_rotation": 0,
            "original_height": 1917,
            "original_width": 3470,
            "to_name": "image",
            "type": "rectanglelabels",
            "value": {
              "height": 2.4154589371980677,
              "rectanglelabels": [
                "Horizontal Text"
              ],
              "rotation": 0,
              "width": 3.3333333333333335,
              "x": 76.53333333333333,
              "y": 29.95169082125604
            }
          },
          {
            "from_name": "label",
            "id": "NDVTl7z6A3",
            "image_rotation": 0,
            "original_height": 1917,
            "original_width": 3470,
            "to_name": "image",
            "type": "rectanglelabels",
            "value": {
              "height": 2.1739130434782608,
              "rectanglelabels": [
                "Horizontal Text"
              ],
              "rotation": 0,
              "width": 3.8666666666666667,
              "x": 80.66666666666667,
              "y": 30.434782608695652
            }
          },
          {
            "from_name": "label",
            "id": "XlITgKLRG5",
            "image_rotation": 0,
            "original_height": 1917,
            "original_width": 3470,
            "to_name": "image",
            "type": "rectanglelabels",
            "value": {
              "height": 2.898550724637681,
              "rectanglelabels": [
                "Horizontal Text"
              ],
              "rotation": 0,
              "width": 3.3333333333333335,
              "x": 85.2,
              "y": 29.71014492753623
            }
          },
          {
            "from_name": "label",
            "id": "60v3bnOJyj",
            "image_rotation": 0,
            "original_height": 1917,
            "original_width": 3470,
            "to_name": "image",
            "type": "rectanglelabels",
            "value": {
              "height": 2.1739130434782608,
              "rectanglelabels": [
                "Horizontal Text"
              ],
              "rotation": 0,
              "width": 4.266666666666667,
              "x": 89.33333333333333,
              "y": 30.193236714975846
            }
          },
          {
            "from_name": "label",
            "id": "fsj4rB1v0Y",
            "image_rotation": 0,
            "original_height": 1917,
            "original_width": 3470,
            "to_name": "image",
            "type": "rectanglelabels",
            "value": {
              "height": 2.657004830917874,
              "rectanglelabels": [
                "Horizontal Text"
              ],
              "rotation": 0,
              "width": 4.533333333333333,
              "x": 58.266666666666666,
              "y": 28.502415458937197
            }
          },
          {
            "from_name": "label",
            "id": "4RHdM_lmI5",
            "image_rotation": 0,
            "original_height": 1917,
            "original_width": 3470,
            "to_name": "image",
            "type": "rectanglelabels",
            "value": {
              "height": 2.657004830917874,
              "rectanglelabels": [
                "Horizontal Text"
              ],
              "rotation": 0,
              "width": 3.8666666666666667,
              "x": 64.26666666666667,
              "y": 28.502415458937197
            }
          },
          {
            "from_name": "label",
            "id": "DLhGC5Vf_5",
            "image_rotation": 0,
            "original_height": 1917,
            "original_width": 3470,
            "to_name": "image",
            "type": "rectanglelabels",
            "value": {
              "height": 2.4154589371980677,
              "rectanglelabels": [
                "Horizontal Text"
              ],
              "rotation": 0,
              "width": 3.2,
              "x": 70.8,
              "y": 28.502415458937197
            }
          },
          {
            "from_name": "label",
            "id": "gLbu8zikuF",
            "image_rotation": 0,
            "original_height": 1917,
            "original_width": 3470,
            "to_name": "image",
            "type": "rectanglelabels",
            "value": {
              "height": 1.6908212560386473,
              "rectanglelabels": [
                "Horizontal Text"
              ],
              "rotation": 0,
              "width": 5.2,
              "x": 58,
              "y": 32.367149758454104
            }
          },
          {
            "from_name": "label",
            "id": "E--gDlx3G2",
            "image_rotation": 0,
            "original_height": 1917,
            "original_width": 3470,
            "to_name": "image",
            "type": "rectanglelabels",
            "value": {
              "height": 2.1739130434782608,
              "rectanglelabels": [
                "Horizontal Text"
              ],
              "rotation": 0,
              "width": 5.066666666666666,
              "x": 63.6,
              "y": 31.884057971014492
            }
          },
          {
            "from_name": "label",
            "id": "v1Uf1YwsMk",
            "image_rotation": 0,
            "original_height": 1917,
            "original_width": 3470,
            "to_name": "image",
            "type": "rectanglelabels",
            "value": {
              "height": 2.4154589371980677,
              "rectanglelabels": [
                "Horizontal Text"
              ],
              "rotation": 0,
              "width": 5.866666666666666,
              "x": 69.6,
              "y": 31.642512077294686
            }
          },
          {
            "from_name": "label",
            "id": "3XMUtHJU_b",
            "image_rotation": 0,
            "original_height": 1917,
            "original_width": 3470,
            "to_name": "image",
            "type": "rectanglelabels",
            "value": {
              "height": 4.106280193236715,
              "rectanglelabels": [
                "Horizontal Text"
              ],
              "rotation": 0,
              "width": 3.7333333333333334,
              "x": 29.066666666666666,
              "y": 30.193236714975846
            }
          },
          {
            "from_name": "label",
            "id": "t0XEbRZzdQ",
            "image_rotation": 0,
            "original_height": 1917,
            "original_width": 3470,
            "to_name": "image",
            "type": "rectanglelabels",
            "value": {
              "height": 4.106280193236715,
              "rectanglelabels": [
                "Horizontal Text"
              ],
              "rotation": 0,
              "width": 3.7333333333333334,
              "x": 33.333333333333336,
              "y": 30.193236714975846
            }
          },
          {
            "from_name": "label",
            "id": "LABejXMjzQ",
            "image_rotation": 0,
            "original_height": 1917,
            "original_width": 3470,
            "to_name": "image",
            "type": "rectanglelabels",
            "value": {
              "height": 4.3478260869565215,
              "rectanglelabels": [
                "Horizontal Text"
              ],
              "rotation": 0,
              "width": 3.7333333333333334,
              "x": 37.733333333333334,
              "y": 29.71014492753623
            }
          },
          {
            "from_name": "label",
            "id": "Hig04snoAt",
            "image_rotation": 0,
            "original_height": 1917,
            "original_width": 3470,
            "to_name": "image",
            "type": "rectanglelabels",
            "value": {
              "height": 5.314009661835748,
              "rectanglelabels": [
                "Horizontal Text"
              ],
              "rotation": 0,
              "width": 3.7333333333333334,
              "x": 41.86666666666667,
              "y": 29.468599033816425
            }
          },
          {
            "from_name": "label",
            "id": "zZ0T-mAJlc",
            "image_rotation": 0,
            "original_height": 1917,
            "original_width": 3470,
            "to_name": "image",
            "type": "rectanglelabels",
            "value": {
              "height": 4.106280193236715,
              "rectanglelabels": [
                "Horizontal Text"
              ],
              "rotation": 0,
              "width": 5.066666666666666,
              "x": 4.4,
              "y": 68.59903381642512
            }
          },
          {
            "from_name": "label",
            "id": "agE7LM_DpB",
            "image_rotation": 0,
            "original_height": 1917,
            "original_width": 3470,
            "to_name": "image",
            "type": "rectanglelabels",
            "value": {
              "height": 2.657004830917874,
              "rectanglelabels": [
                "Horizontal Text"
              ],
              "rotation": 0,
              "width": 5.2,
              "x": 14.933333333333334,
              "y": 61.594202898550726
            }
          },
          {
            "from_name": "label",
            "id": "DReoyKsgVO",
            "image_rotation": 0,
            "original_height": 1917,
            "original_width": 3470,
            "to_name": "image",
            "type": "rectanglelabels",
            "value": {
              "height": 2.657004830917874,
              "rectanglelabels": [
                "Horizontal Text"
              ],
              "rotation": 0,
              "width": 5.333333333333333,
              "x": 26.533333333333335,
              "y": 61.83574879227053
            }
          },
          {
            "from_name": "label",
            "id": "XX_hMI25jQ",
            "image_rotation": 0,
            "original_height": 1917,
            "original_width": 3470,
            "to_name": "image",
            "type": "rectanglelabels",
            "value": {
              "height": 32.1256038647343,
              "rectanglelabels": [
                "Vertical Text"
              ],
              "rotation": 0,
              "width": 2,
              "x": 95.46666666666667,
              "y": 34.05797101449275
            }
          },
          {
            "from_name": "label",
            "id": "IEMUqIu6UB",
            "image_rotation": 0,
            "original_height": 1917,
            "original_width": 3470,
            "to_name": "image",
            "type": "rectanglelabels",
            "value": {
              "height": 4.3478260869565215,
              "rectanglelabels": [
                "Vertical Text"
              ],
              "rotation": 0,
              "width": 1.6,
              "x": 96,
              "y": 88.40579710144928
            }
          },
          {
            "from_name": "label",
            "id": "M44OSv4eg_",
            "image_rotation": 0,
            "original_height": 1917,
            "original_width": 3470,
            "to_name": "image",
            "type": "rectanglelabels",
            "value": {
              "height": 19.806763285024154,
              "rectanglelabels": [
                "Vertical Text"
              ],
              "rotation": 0,
              "width": 1.7333333333333334,
              "x": 26.533333333333335,
              "y": 15.942028985507246
            }
          },
          {
            "from_name": "label",
            "id": "evsFSRv0cx",
            "image_rotation": 0,
            "original_height": 1917,
            "original_width": 3470,
            "to_name": "image",
            "type": "rectanglelabels",
            "value": {
              "height": 19.32367149758454,
              "rectanglelabels": [
                "Vertical Text"
              ],
              "rotation": 0,
              "width": 3.7333333333333334,
              "x": 46.4,
              "y": 15.942028985507246
            }
          },
          {
            "from_name": "label",
            "id": "zUsXU3LJv5",
            "image_rotation": 0,
            "original_height": 1917,
            "original_width": 3470,
            "to_name": "image",
            "type": "rectanglelabels",
            "value": {
              "height": 19.32367149758454,
              "rectanglelabels": [
                "Vertical Text"
              ],
              "rotation": 0,
              "width": 3.7333333333333334,
              "x": 50.666666666666664,
              "y": 16.183574879227052
            }
          },
          {
            "from_name": "label",
            "id": "eE_UxRj0Kn",
            "image_rotation": 0,
            "original_height": 1917,
            "original_width": 3470,
            "to_name": "image",
            "type": "rectanglelabels",
            "value": {
              "height": 18.840579710144926,
              "rectanglelabels": [
                "Vertical Text"
              ],
              "rotation": 0,
              "width": 2.533333333333333,
              "x": 54.93333333333333,
              "y": 16.183574879227052
            }
          },
          {
            "from_name": "label",
            "id": "774ZaGnyNi",
            "image_rotation": 0,
            "original_height": 1917,
            "original_width": 3470,
            "to_name": "image",
            "type": "rectanglelabels",
            "value": {
              "height": 20.04830917874396,
              "rectanglelabels": [
                "Vertical Text"
              ],
              "rotation": 0,
              "width": 6.533333333333333,
              "x": 35.733333333333334,
              "y": 60.14492753623188
            }
          },
          {
            "from_name": "label",
            "id": "yOCe-g6i1h",
            "image_rotation": 0,
            "original_height": 1917,
            "original_width": 3470,
            "to_name": "image",
            "type": "rectanglelabels",
            "value": {
              "height": 19.565217391304348,
              "rectanglelabels": [
                "Vertical Text"
              ],
              "rotation": 0,
              "width": 3.8666666666666667,
              "x": 43.86666666666667,
              "y": 60.14492753623188
            }
          },
          {
            "from_name": "label",
            "id": "iMrIxjtPst",
            "image_rotation": 0,
            "original_height": 1917,
            "original_width": 3470,
            "to_name": "image",
            "type": "rectanglelabels",
            "value": {
              "height": 20.04830917874396,
              "rectanglelabels": [
                "Vertical Text"
              ],
              "rotation": 0,
              "width": 2.4,
              "x": 48.53333333333333,
              "y": 59.90338164251208
            }
          },
          {
            "from_name": "label",
            "id": "jRLf0Lr8wB",
            "image_rotation": 0,
            "original_height": 1917,
            "original_width": 3470,
            "to_name": "image",
            "type": "rectanglelabels",
            "value": {
              "height": 19.082125603864736,
              "rectanglelabels": [
                "Vertical Text"
              ],
              "rotation": 0,
              "width": 2,
              "x": 51.86666666666667,
              "y": 60.38647342995169
            }
          },
          {
            "from_name": "label",
            "id": "Wh7qV04YRO",
            "image_rotation": 0,
            "original_height": 1917,
            "original_width": 3470,
            "to_name": "image",
            "type": "rectanglelabels",
            "value": {
              "height": 19.082125603864736,
              "rectanglelabels": [
                "Vertical Text"
              ],
              "rotation": 0,
              "width": 2.533333333333333,
              "x": 54.266666666666666,
              "y": 60.38647342995169
            }
          },
          {
            "from_name": "label",
            "id": "rkL5K50AIi",
            "image_rotation": 0,
            "original_height": 1917,
            "original_width": 3470,
            "to_name": "image",
            "type": "rectanglelabels",
            "value": {
              "height": 18.59903381642512,
              "rectanglelabels": [
                "Vertical Text"
              ],
              "rotation": 0,
              "width": 2.8,
              "x": 57.733333333333334,
              "y": 60.628019323671495
            }
          },
          {
            "from_name": "label",
            "id": "NezUJjzH6k",
            "image_rotation": 0,
            "original_height": 1917,
            "original_width": 3470,
            "to_name": "image",
            "type": "rectanglelabels",
            "value": {
              "height": 20.04830917874396,
              "rectanglelabels": [
                "Vertical Text"
              ],
              "rotation": 0,
              "width": 4,
              "x": 61.6,
              "y": 59.42028985507246
            }
          },
          {
            "from_name": "label",
            "id": "HiTo0v9LX7",
            "image_rotation": 0,
            "original_height": 1917,
            "original_width": 3470,
            "to_name": "image",
            "type": "rectanglelabels",
            "value": {
              "height": 19.565217391304348,
              "rectanglelabels": [
                "Vertical Text"
              ],
              "rotation": 0,
              "width": 1.8666666666666667,
              "x": 67.06666666666666,
              "y": 59.90338164251208
            }
          },
          {
            "from_name": "label",
            "id": "qgktwQ_PbI",
            "image_rotation": 0,
            "original_height": 1917,
            "original_width": 3470,
            "to_name": "image",
            "type": "rectanglelabels",
            "value": {
              "height": 20.04830917874396,
              "rectanglelabels": [
                "Vertical Text"
              ],
              "rotation": 0,
              "width": 2.4,
              "x": 70.26666666666667,
              "y": 59.66183574879227
            }
          },
          {
            "from_name": "label",
            "id": "riXuLCtsaH",
            "image_rotation": 0,
            "original_height": 1917,
            "original_width": 3470,
            "to_name": "image",
            "type": "rectanglelabels",
            "value": {
              "height": 19.565217391304348,
              "rectanglelabels": [
                "Vertical Text"
              ],
              "rotation": 0,
              "width": 2.6666666666666665,
              "x": 74.53333333333333,
              "y": 60.14492753623188
            }
          },
          {
            "from_name": "label",
            "id": "4Qqh9EzkSR",
            "image_rotation": 0,
            "original_height": 1917,
            "original_width": 3470,
            "to_name": "image",
            "type": "rectanglelabels",
            "value": {
              "height": 18.357487922705314,
              "rectanglelabels": [
                "Vertical Text"
              ],
              "rotation": 0,
              "width": 1.8666666666666667,
              "x": 80.53333333333333,
              "y": 60.869565217391305
            }
          },
          {
            "from_name": "label",
            "id": "b7sAweJESd",
            "image_rotation": 0,
            "original_height": 1917,
            "original_width": 3470,
            "to_name": "image",
            "type": "rectanglelabels",
            "value": {
              "height": 16.183574879227052,
              "rectanglelabels": [
                "Vertical Text"
              ],
              "rotation": 0,
              "width": 1.7333333333333334,
              "x": 86.4,
              "y": 63.28502415458937
            }
          },
          {
            "from_name": "label",
            "id": "s3rCBz-KDv",
            "image_rotation": 0,
            "original_height": 1917,
            "original_width": 3470,
            "to_name": "image",
            "type": "rectanglelabels",
            "value": {
              "height": 19.565217391304348,
              "rectanglelabels": [
                "Vertical Text"
              ],
              "rotation": 0,
              "width": 3.466666666666667,
              "x": 90.26666666666667,
              "y": 59.66183574879227
            }
          },
          {
            "from_name": "label",
            "id": "SKwaeRDGyI",
            "image_rotation": 0,
            "original_height": 1917,
            "original_width": 3470,
            "to_name": "image",
            "type": "rectanglelabels",
            "value": {
              "height": 5.314009661835748,
              "rectanglelabels": [
                "Row"
              ],
              "rotation": 0,
              "width": 91.2,
              "x": 2.1333333333333333,
              "y": 86.95652173913044
            }
          },
          {
            "from_name": "label",
            "id": "4eSj9XleNO",
            "image_rotation": 0,
            "original_height": 1917,
            "original_width": 3470,
            "to_name": "image",
            "type": "rectanglelabels",
            "value": {
              "height": 3.3816425120772946,
              "rectanglelabels": [
                "Row"
              ],
              "rotation": 0,
              "width": 91.2,
              "x": 2.1333333333333333,
              "y": 80.43478260869566
            }
          },
          {
            "from_name": "label",
            "id": "pc4B-XhrMI",
            "image_rotation": 0,
            "original_height": 1917,
            "original_width": 3470,
            "to_name": "image",
            "type": "rectanglelabels",
            "value": {
              "height": 3.140096618357488,
              "rectanglelabels": [
                "Row"
              ],
              "rotation": 0,
              "width": 91.2,
              "x": 2.1333333333333333,
              "y": 83.81642512077295
            }
          },
          {
            "from_name": "label",
            "id": "7fG_jtUGIA",
            "image_rotation": 0,
            "original_height": 1917,
            "original_width": 3470,
            "to_name": "image",
            "type": "rectanglelabels",
            "value": {
              "height": 12.077294685990339,
              "rectanglelabels": [
                "Horizontal Text"
              ],
              "rotation": 0,
              "width": 5.333333333333333,
              "x": 12.266666666666667,
              "y": 67.3913043478261
            }
          },
          {
            "from_name": "label",
            "id": "j_xjiGgE4Q",
            "image_rotation": 0,
            "original_height": 1917,
            "original_width": 3470,
            "to_name": "image",
            "type": "rectanglelabels",
            "value": {
              "height": 10.144927536231885,
              "rectanglelabels": [
                "Horizontal Text"
              ],
              "rotation": 0,
              "width": 5.466666666666667,
              "x": 17.866666666666667,
              "y": 68.59903381642512
            }
          },
          {
            "from_name": "label",
            "id": "0hpLhgtlsF",
            "image_rotation": 0,
            "original_height": 1917,
            "original_width": 3470,
            "to_name": "image",
            "type": "rectanglelabels",
            "value": {
              "height": 11.352657004830919,
              "rectanglelabels": [
                "Horizontal Text"
              ],
              "rotation": 0,
              "width": 5.066666666666666,
              "x": 23.733333333333334,
              "y": 67.6328502415459
            }
          },
          {
            "from_name": "label",
            "id": "3c6cDZ6VYe",
            "image_rotation": 0,
            "original_height": 1917,
            "original_width": 3470,
            "to_name": "image",
            "type": "rectanglelabels",
            "value": {
              "height": 8.454106280193237,
              "rectanglelabels": [
                "Horizontal Text"
              ],
              "rotation": 0,
              "width": 4.8,
              "x": 29.6,
              "y": 69.32367149758454
            }
          }
        ]
      }
    ],
    "data": {
      "image": "/data/upload/f786f6-ocm07166577_1846_Page_03.png"
    },
    "id": 0
  },
  {
    "completions": [
      {
        "created_at": 1615150199,
        "id": 1001,
        "lead_time": 127.091,
        "result": [
          {
            "from_name": "label",
            "id": "QNPjeq7GVw",
            "image_rotation": 0,
            "original_height": 2034,
            "original_width": 3487,
            "to_name": "image",
            "type": "rectanglelabels",
            "value": {
              "height": 3.432494279176202,
              "rectanglelabels": [
                "Horizontal Text"
              ],
              "rotation": 0,
              "width": 25.466666666666665,
              "x": 35.333333333333336,
              "y": 0.45766590389016026
            }
          },
          {
            "from_name": "label",
            "id": "539HoR5rBt",
            "image_rotation": 0,
            "original_height": 2034,
            "original_width": 3487,
            "to_name": "image",
            "type": "rectanglelabels",
            "value": {
              "height": 2.7459954233409616,
              "rectanglelabels": [
                "Horizontal Text"
              ],
              "rotation": 0,
              "width": 14.533333333333333,
              "x": 77.46666666666667,
              "y": 6.864988558352404
            }
          },
          {
            "from_name": "label",
            "id": "2IECtNNPRV",
            "image_rotation": 0,
            "original_height": 2034,
            "original_width": 3487,
            "to_name": "image",
            "type": "rectanglelabels",
            "value": {
              "height": 2.288329519450801,
              "rectanglelabels": [
                "Horizontal Text"
              ],
              "rotation": 0,
              "width": 4.666666666666667,
              "x": 78.26666666666667,
              "y": 12.356979405034325
            }
          },
          {
            "from_name": "label",
            "id": "8bL093L1Xi",
            "image_rotation": 0,
            "original_height": 2034,
            "original_width": 3487,
            "to_name": "image",
            "type": "rectanglelabels",
            "value": {
              "height": 2.517162471395881,
              "rectanglelabels": [
                "Horizontal Text"
              ],
              "rotation": 0,
              "width": 5.066666666666666,
              "x": 86.93333333333334,
              "y": 12.356979405034325
            }
          },
          {
            "from_name": "label",
            "id": "Wfs8FxD7KF",
            "image_rotation": 0,
            "original_height": 2034,
            "original_width": 3487,
            "to_name": "image",
            "type": "rectanglelabels",
            "value": {
              "height": 2.9748283752860414,
              "rectanglelabels": [
                "Horizontal Text"
              ],
              "rotation": 0,
              "width": 3.333333333333334,
              "x": 76.93333333333334,
              "y": 19.221967963386728
            }
          },
          {
            "from_name": "label",
            "id": "25ALilBCXZ",
            "image_rotation": 0,
            "original_height": 2034,
            "original_width": 3487,
            "to_name": "image",
            "type": "rectanglelabels",
            "value": {
              "height": 2.7459954233409616,
              "rectanglelabels": [
                "Horizontal Text"
              ],
              "rotation": 0,
              "width": 3.8666666666666667,
              "x": 81.06666666666666,
              "y": 19.679633867276888
            }
          },
          {
            "from_name": "label",
            "id": "zpHKPLwAUw",
            "image_rotation": 0,
            "original_height": 2034,
            "original_width": 3487,
            "to_name": "image",
            "type": "rectanglelabels",
            "value": {
              "height": 3.2036613272311207,
              "rectanglelabels": [
                "Horizontal Text"
              ],
              "rotation": 0,
              "width": 3.333333333333334,
              "x": 85.6,
              "y": 19.221967963386728
            }
          },
          {
            "from_name": "label",
            "id": "e2oIJDnG9i",
            "image_rotation": 0,
            "original_height": 2034,
            "original_width": 3487,
            "to_name": "image",
            "type": "rectanglelabels",
            "value": {
              "height": 2.288329519450801,
              "rectanglelabels": [
                "Horizontal Text"
              ],
              "rotation": 0,
              "width": 3.8666666666666667,
              "x": 89.73333333333333,
              "y": 19.908466819221967
            }
          },
          {
            "from_name": "label",
            "id": "Tv7nO8c9w_",
            "image_rotation": 0,
            "original_height": 2034,
            "original_width": 3487,
            "to_name": "image",
            "type": "rectanglelabels",
            "value": {
              "height": 2.7459954233409616,
              "rectanglelabels": [
                "Horizontal Text"
              ],
              "rotation": 0,
              "width": 18.266666666666666,
              "x": 58,
              "y": 9.610983981693364
            }
          },
          {
            "from_name": "label",
            "id": "D4iq3u8eGI",
            "image_rotation": 0,
            "original_height": 2034,
            "original_width": 3487,
            "to_name": "image",
            "type": "rectanglelabels",
            "value": {
              "height": 5.720823798627002,
              "rectanglelabels": [
                "Horizontal Text"
              ],
              "rotation": 0,
              "width": 5.066666666666666,
              "x": 58.266666666666666,
              "y": 18.53546910755149
            }
          },
          {
            "from_name": "label",
            "id": "G6q3Uf6MdC",
            "image_rotation": 0,
            "original_height": 2034,
            "original_width": 3487,
            "to_name": "image",
            "type": "rectanglelabels",
            "value": {
              "height": 6.178489702517163,
              "rectanglelabels": [
                "Horizontal Text"
              ],
              "rotation": 0,
              "width": 5.2,
              "x": 63.86666666666667,
              "y": 18.30663615560641
            }
          },
          {
            "from_name": "label",
            "id": "t2jKNLc5-g",
            "image_rotation": 0,
            "original_height": 2034,
            "original_width": 3487,
            "to_name": "image",
            "type": "rectanglelabels",
            "value": {
              "height": 6.4073226544622415,
              "rectanglelabels": [
                "Horizontal Text"
              ],
              "rotation": 0,
              "width": 5.866666666666666,
              "x": 70,
              "y": 18.07780320366133
            }
          },
          {
            "from_name": "label",
            "id": "Xi5TAmziWn",
            "image_rotation": 0,
            "original_height": 2034,
            "original_width": 3487,
            "to_name": "image",
            "type": "rectanglelabels",
            "value": {
              "height": 2.9748283752860414,
              "rectanglelabels": [
                "Horizontal Text"
              ],
              "rotation": 0,
              "width": 5.6,
              "x": 3.6,
              "y": 15.331807780320366
            }
          },
          {
            "from_name": "label",
            "id": "H8Mt1bvznG",
            "image_rotation": 0,
            "original_height": 2034,
            "original_width": 3487,
            "to_name": "image",
            "type": "rectanglelabels",
            "value": {
              "height": 5.034324942791762,
              "rectanglelabels": [
                "Horizontal Text"
              ],
              "rotation": 0,
              "width": 4,
              "x": 11.6,
              "y": 13.729977116704807
            }
          },
          {
            "from_name": "label",
            "id": "KvL7KhTjJB",
            "image_rotation": 0,
            "original_height": 2034,
            "original_width": 3487,
            "to_name": "image",
            "type": "rectanglelabels",
            "value": {
              "height": 2.9748283752860414,
              "rectanglelabels": [
                "Horizontal Text"
              ],
              "rotation": 0,
              "width": 5.6,
              "x": 17.866666666666667,
              "y": 14.645308924485128
            }
          },
          {
            "from_name": "label",
            "id": "QMw9fPmdZ3",
            "image_rotation": 0,
            "original_height": 2034,
            "original_width": 3487,
            "to_name": "image",
            "type": "rectanglelabels",
            "value": {
              "height": 6.178489702517163,
              "rectanglelabels": [
                "Horizontal Text"
              ],
              "rotation": 0,
              "width": 8.266666666666667,
              "x": 28.8,
              "y": 8.466819221967963
            }
          },
          {
            "from_name": "label",
            "id": "MyaudiGl6R",
            "image_rotation": 0,
            "original_height": 2034,
            "original_width": 3487,
            "to_name": "image",
            "type": "rectanglelabels",
            "value": {
              "height": 5.491990846681923,
              "rectanglelabels": [
                "Horizontal Text"
              ],
              "rotation": 0,
              "width": 8,
              "x": 37.6,
              "y": 9.153318077803204
            }
          },
          {
            "from_name": "label",
            "id": "Xde7FCVHOG",
            "image_rotation": 0,
            "original_height": 2034,
            "original_width": 3487,
            "to_name": "image",
            "type": "rectanglelabels",
            "value": {
              "height": 3.661327231121282,
              "rectanglelabels": [
                "Horizontal Text"
              ],
              "rotation": 0,
              "width": 3.8666666666666667,
              "x": 28.8,
              "y": 19.908466819221967
            }
          },
          {
            "from_name": "label",
            "id": "__40837kWJ",
            "image_rotation": 0,
            "original_height": 2034,
            "original_width": 3487,
            "to_name": "image",
            "type": "rectanglelabels",
            "value": {
              "height": 4.576659038901602,
              "rectanglelabels": [
                "Horizontal Text"
              ],
              "rotation": 0,
              "width": 4.133333333333334,
              "x": 33.06666666666667,
              "y": 19.221967963386728
            }
          },
          {
            "from_name": "label",
            "id": "b5JGSd8hfx",
            "image_rotation": 0,
            "original_height": 2034,
            "original_width": 3487,
            "to_name": "image",
            "type": "rectanglelabels",
            "value": {
              "height": 3.2036613272311207,
              "rectanglelabels": [
                "Horizontal Text"
              ],
              "rotation": 0,
              "width": 4,
              "x": 37.46666666666667,
              "y": 19.679633867276888
            }
          },
          {
            "from_name": "label",
            "id": "86newDIth9",
            "image_rotation": 0,
            "original_height": 2034,
            "original_width": 3487,
            "to_name": "image",
            "type": "rectanglelabels",
            "value": {
              "height": 3.661327231121282,
              "rectanglelabels": [
                "Horizontal Text"
              ],
              "rotation": 0,
              "width": 3.8666666666666667,
              "x": 41.86666666666667,
              "y": 19.679633867276888
            }
          },
          {
            "from_name": "label",
            "id": "G-CSW4DGSO",
            "image_rotation": 0,
            "original_height": 2034,
            "original_width": 3487,
            "to_name": "image",
            "type": "rectanglelabels",
            "value": {
              "height": 18.07780320366133,
              "rectanglelabels": [
                "Vertical Text"
              ],
              "rotation": 0,
              "width": 1.6,
              "x": 26.266666666666666,
              "y": 6.864988558352404
            }
          },
          {
            "from_name": "label",
            "id": "1D13uiZCuD",
            "image_rotation": 0,
            "original_height": 2034,
            "original_width": 3487,
            "to_name": "image",
            "type": "rectanglelabels",
            "value": {
              "height": 18.993135011441648,
              "rectanglelabels": [
                "Vertical Text"
              ],
              "rotation": 0,
              "width": 3.466666666666667,
              "x": 46.4,
              "y": 5.949656750572083
            }
          },
          {
            "from_name": "label",
            "id": "pT85UdYgo3",
            "image_rotation": 0,
            "original_height": 2034,
            "original_width": 3487,
            "to_name": "image",
            "type": "rectanglelabels",
            "value": {
              "height": 18.53546910755149,
              "rectanglelabels": [
                "Vertical Text"
              ],
              "rotation": 0,
              "width": 3.466666666666667,
              "x": 50.93333333333333,
              "y": 5.949656750572083
            }
          },
          {
            "from_name": "label",
            "id": "BzCPOwdUj_",
            "image_rotation": 0,
            "original_height": 2034,
            "original_width": 3487,
            "to_name": "image",
            "type": "rectanglelabels",
            "value": {
              "height": 18.53546910755149,
              "rectanglelabels": [
                "Vertical Text"
              ],
              "rotation": 0,
              "width": 2.2666666666666666,
              "x": 55.2,
              "y": 5.949656750572083
            }
          },
          {
            "from_name": "label",
            "id": "OSwnjUMabg",
            "image_rotation": 0,
            "original_height": 2034,
            "original_width": 3487,
            "to_name": "image",
            "type": "rectanglelabels",
            "value": {
              "height": 24.71395881006865,
              "rectanglelabels": [
                "Vertical Text"
              ],
              "rotation": 0,
              "width": 2.2666666666666666,
              "x": 95.73333333333333,
              "y": 35.46910755148741
            }
          },
          {
            "from_name": "label",
            "id": "JHDLU5JWfO",
            "image_rotation": 0,
            "original_height": 2034,
            "original_width": 3487,
            "to_name": "image",
            "type": "rectanglelabels",
            "value": {
              "height": 70.87378640776699,
              "rectanglelabels": [
                "Column"
              ],
              "rotation": 0,
              "width": 10.01890359168242,
              "x": 1.7013232514177694,
              "y": 26.21359223300971
            }
          },
          {
            "from_name": "label",
            "id": "KtsvfC9_7t",
            "image_rotation": 0,
            "original_height": 2034,
            "original_width": 3487,
            "to_name": "image",
            "type": "rectanglelabels",
            "value": {
              "height": 71.5210355987055,
              "rectanglelabels": [
                "Column"
              ],
              "rotation": 0,
              "width": 5.103969754253308,
              "x": 11.342155009451796,
              "y": 25.566343042071196
            }
          },
          {
            "from_name": "label",
            "id": "l-3Ky4drR-",
            "image_rotation": 0,
            "original_height": 2034,
            "original_width": 3487,
            "to_name": "image",
            "type": "rectanglelabels",
            "value": {
              "height": 70.87378640776699,
              "rectanglelabels": [
                "Column"
              ],
              "rotation": 0,
              "width": 4.536862003780718,
              "x": 76.37051039697542,
              "y": 25.566343042071196
            }
          },
          {
            "from_name": "label",
            "id": "l56n6Mlaiq",
            "image_rotation": 0,
            "original_height": 2034,
            "original_width": 3487,
            "to_name": "image",
            "type": "rectanglelabels",
            "value": {
              "height": 70.22653721682848,
              "rectanglelabels": [
                "Column"
              ],
              "rotation": 0,
              "width": 4.3478260869565215,
              "x": 80.90737240075615,
              "y": 25.889967637540455
            }
          },
          {
            "from_name": "label",
            "id": "h4anfbfNdi",
            "image_rotation": 0,
            "original_height": 2034,
            "original_width": 3487,
            "to_name": "image",
            "type": "rectanglelabels",
            "value": {
              "height": 70.55016181229773,
              "rectanglelabels": [
                "Column"
              ],
              "rotation": 0,
              "width": 4.158790170132325,
              "x": 85.44423440453686,
              "y": 25.566343042071196
            }
          },
          {
            "from_name": "label",
            "id": "VTz1giybTH",
            "image_rotation": 0,
            "original_height": 2034,
            "original_width": 3487,
            "to_name": "image",
            "type": "rectanglelabels",
            "value": {
              "height": 70.87378640776699,
              "rectanglelabels": [
                "Column"
              ],
              "rotation": 0,
              "width": 4.536862003780718,
              "x": 89.413988657845,
              "y": 24.919093851132686
            }
          },
          {
            "from_name": "label",
            "id": "0QDwLf2pCT",
            "image_rotation": 0,
            "original_height": 2034,
            "original_width": 3487,
            "to_name": "image",
            "type": "rectanglelabels",
            "value": {
              "height": 70.87378640776699,
              "rectanglelabels": [
                "Column"
              ],
              "rotation": 0,
              "width": 6.805293005671078,
              "x": 69.56521739130434,
              "y": 25.566343042071196
            }
          },
          {
            "from_name": "label",
            "id": "oORkbhKMW9",
            "image_rotation": 0,
            "original_height": 2034,
            "original_width": 3487,
            "to_name": "image",
            "type": "rectanglelabels",
            "value": {
              "height": 70.55016181229773,
              "rectanglelabels": [
                "Column"
              ],
              "rotation": 0,
              "width": 9.640831758034027,
              "x": 16.257088846880908,
              "y": 25.889967637540455
            }
          },
          {
            "from_name": "label",
            "id": "mZ-ZXKIoFG",
            "image_rotation": 0,
            "original_height": 2034,
            "original_width": 3487,
            "to_name": "image",
            "type": "rectanglelabels",
            "value": {
              "height": 71.19741100323624,
              "rectanglelabels": [
                "Column"
              ],
              "rotation": 0,
              "width": 2.835538752362949,
              "x": 25.897920604914933,
              "y": 25.566343042071196
            }
          },
          {
            "from_name": "label",
            "id": "zgdF4XG3dI",
            "image_rotation": 0,
            "original_height": 2034,
            "original_width": 3487,
            "to_name": "image",
            "type": "rectanglelabels",
            "value": {
              "height": 71.19741100323624,
              "rectanglelabels": [
                "Column"
              ],
              "rotation": 0,
              "width": 4.3478260869565215,
              "x": 28.92249527410208,
              "y": 25.24271844660194
            }
          },
          {
            "from_name": "label",
            "id": "UK6aDiPwp2",
            "image_rotation": 0,
            "original_height": 2034,
            "original_width": 3487,
            "to_name": "image",
            "type": "rectanglelabels",
            "value": {
              "height": 71.19741100323624,
              "rectanglelabels": [
                "Column"
              ],
              "rotation": 0,
              "width": 4.158790170132325,
              "x": 33.2703213610586,
              "y": 25.566343042071196
            }
          },
          {
            "from_name": "label",
            "id": "iwNonZuKNJ",
            "image_rotation": 0,
            "original_height": 2034,
            "original_width": 3487,
            "to_name": "image",
            "type": "rectanglelabels",
            "value": {
              "height": 70.87378640776699,
              "rectanglelabels": [
                "Column"
              ],
              "rotation": 0,
              "width": 4.3478260869565215,
              "x": 37.61814744801512,
              "y": 25.566343042071196
            }
          },
          {
            "from_name": "label",
            "id": "jEO8bPilvJ",
            "image_rotation": 0,
            "original_height": 2034,
            "original_width": 3487,
            "to_name": "image",
            "type": "rectanglelabels",
            "value": {
              "height": 71.19741100323624,
              "rectanglelabels": [
                "Column"
              ],
              "rotation": 0,
              "width": 3.9697542533081287,
              "x": 42.34404536862004,
              "y": 25.566343042071196
            }
          },
          {
            "from_name": "label",
            "id": "KzUKT_T216",
            "image_rotation": 0,
            "original_height": 2034,
            "original_width": 3487,
            "to_name": "image",
            "type": "rectanglelabels",
            "value": {
              "height": 70.55016181229773,
              "rectanglelabels": [
                "Column"
              ],
              "rotation": 0,
              "width": 4.158790170132325,
              "x": 46.69187145557656,
              "y": 25.889967637540455
            }
          },
          {
            "from_name": "label",
            "id": "CjHuxY611Z",
            "image_rotation": 0,
            "original_height": 2034,
            "original_width": 3487,
            "to_name": "image",
            "type": "rectanglelabels",
            "value": {
              "height": 70.87378640776699,
              "rectanglelabels": [
                "Column"
              ],
              "rotation": 0,
              "width": 5.293005671077505,
              "x": 63.89413988657845,
              "y": 25.566343042071196
            }
          },
          {
            "from_name": "label",
            "id": "XQ_Q_GVOwq",
            "image_rotation": 0,
            "original_height": 2034,
            "original_width": 3487,
            "to_name": "image",
            "type": "rectanglelabels",
            "value": {
              "height": 71.19741100323624,
              "rectanglelabels": [
                "Column"
              ],
              "rotation": 0,
              "width": 5.482041587901701,
              "x": 58.034026465028354,
              "y": 25.24271844660194
            }
          },
          {
            "from_name": "label",
            "id": "z87Zrl604o",
            "image_rotation": 0,
            "original_height": 2034,
            "original_width": 3487,
            "to_name": "image",
            "type": "rectanglelabels",
            "value": {
              "height": 71.19741100323625,
              "rectanglelabels": [
                "Column"
              ],
              "rotation": 0,
              "width": 2.835538752362949,
              "x": 54.82041587901701,
              "y": 25.566343042071196
            }
          },
          {
            "from_name": "label",
            "id": "t6RT24Fn32",
            "image_rotation": 0,
            "original_height": 2034,
            "original_width": 3487,
            "to_name": "image",
            "type": "rectanglelabels",
            "value": {
              "height": 71.19741100323624,
              "rectanglelabels": [
                "Column"
              ],
              "rotation": 0,
              "width": 3.780718336483932,
              "x": 50.85066162570889,
              "y": 25.24271844660194
            }
          }
        ]
      }
    ],
    "data": {
      "image": "/data/upload/0668f5-ocm07166577_1846_Page_04.png"
    },
    "id": 1
  }
]